"Sno","Name","Email","Blood_group","Weight","Gender","Dob","Address","Adharno","Action"
"1","empire","empire44440@gmail.com","O+","55","Male","2001-07-24","nagercoil","88662354762","Send Mail"
"2","raj","rajabc@gmail.com","B+","60","Male","2005-05-05","tuty","33366645121","Send Mail"
"3","raju","empirelango2001@gmail.com","A+","50","Male","2222-02-22","33j/5/1 Anna Nagar 5th street","56485516234","Send Mail"
"4","Empirw","empirelangoe2001@gmail.com","A+","40","Male","3333-03-31","33j/5/1 Anna Nagar 5th street","33425445676","Send Mail"
"5","Empirw3","empirelangoe2001@gmail.com","A+","40","Male","3333-03-31","33j/5/1 Anna Nagar 5th street","334254456764","Send Mail"
"6","Empirw3","empirelangoe2001@gmail.com","A+","40","Male","3333-03-31","33j/5/1 Anna Nagar 5th street","334254456767","Send Mail"
"7","Anand raj","ananddp1234@gmail.com","O+","45","Male","2002-04-08","chitharal","968644684646","Send Mail"
"8","Anand Raj","ananddp1234@gmail.com","O+","50","Male","2002-02-25","kaniyakumari","984845345437","Send Mail"
"9","boojesh","ananddp1234@gmail.com","B+","50","Male","2001-05-05","kaniyakumari","84846876645","Send Mail"
"10","raja","ananddp1234@gmail.com","B+","50","Male","2002-05-24","kaniyakumari","56784543547","Send Mail"
"12","anand","ananddp1234@gmail.com","A+","40","Male","2001-05-24","kaniyakumari","98465343754","Send Mail"